Datetime,Water Level (m)
2025-02-15 12:00:00,0.015073713
2025-02-15 13:00:00,-0.12735587
2025-02-15 14:00:00,-0.2610535
2025-02-15 15:00:00,-0.39151087
2025-02-15 16:00:00,-0.50293165
2025-02-15 17:00:00,-0.5011985
2025-02-15 18:00:00,-0.30426055
2025-02-15 19:00:00,-0.08637425
2025-02-15 20:00:00,0.1471353
2025-02-15 21:00:00,0.42005518
2025-02-15 22:00:00,0.38394463
2025-02-15 23:00:00,0.2675022
2025-02-16 00:00:00,0.0958171
2025-02-16 01:00:00,-0.06503755
2025-02-16 02:00:00,-0.20982389
2025-02-16 03:00:00,-0.35205045
2025-02-16 04:00:00,-0.4802456
2025-02-16 05:00:00,-0.54965276
2025-02-16 06:00:00,-0.41891417
2025-02-16 07:00:00,-0.20188141
2025-02-16 08:00:00,-0.010272289
2025-02-16 09:00:00,0.14838678
2025-02-16 10:00:00,0.23212983
2025-02-16 11:00:00,0.19413123
2025-02-16 12:00:00,0.050019305
2025-02-16 13:00:00,-0.09167235
2025-02-16 14:00:00,-0.22751297
2025-02-16 15:00:00,-0.36295754
2025-02-16 16:00:00,-0.48549056
2025-02-16 17:00:00,-0.5510769
2025-02-16 18:00:00,-0.4172908
2025-02-16 19:00:00,-0.19506972
2025-02-16 20:00:00,0.0051387036
2025-02-16 21:00:00,0.26908398
2025-02-16 22:00:00,0.30607557
2025-02-16 23:00:00,0.24317901
2025-02-17 00:00:00,0.09295165
2025-02-17 01:00:00,-0.0621423
2025-02-17 02:00:00,-0.20640346
2025-02-17 03:00:00,-0.34532252
2025-02-17 04:00:00,-0.47967318
2025-02-17 05:00:00,-0.57976526
2025-02-17 06:00:00,-0.54260856
2025-02-17 07:00:00,-0.33581966
2025-02-17 08:00:00,-0.13228191
2025-02-17 09:00:00,0.045584153
2025-02-17 10:00:00,0.1716663
2025-02-17 11:00:00,0.19653983
2025-02-17 12:00:00,0.09550066
2025-02-17 13:00:00,-0.05532706
2025-02-17 14:00:00,-0.19398078
2025-02-17 15:00:00,-0.3235373
2025-02-17 16:00:00,-0.44836006
2025-02-17 17:00:00,-0.5378889
2025-02-17 18:00:00,-0.50206715
2025-02-17 19:00:00,-0.303987
2025-02-17 20:00:00,-0.11239432
2025-02-17 21:00:00,0.05891012
2025-02-17 22:00:00,0.1788953
2025-02-17 23:00:00,0.19750129
2025-02-18 00:00:00,0.08338174
2025-02-18 01:00:00,-0.06885105
2025-02-18 02:00:00,-0.20851469
2025-02-18 03:00:00,-0.34204468
2025-02-18 04:00:00,-0.47496045
2025-02-18 05:00:00,-0.5851696
2025-02-18 06:00:00,-0.6128468
2025-02-18 07:00:00,-0.45834106
2025-02-18 08:00:00,-0.2662008
2025-02-18 09:00:00,-0.08583958
2025-02-18 10:00:00,0.06268993
2025-02-18 11:00:00,0.14784552
2025-02-18 12:00:00,0.12523241
2025-02-18 13:00:00,-0.002334744
2025-02-18 14:00:00,-0.14066589
2025-02-18 15:00:00,-0.26514825
2025-02-18 16:00:00,-0.38556755
2025-02-18 17:00:00,-0.49099553
2025-02-18 18:00:00,-0.5183021
2025-02-18 19:00:00,-0.37484708
2025-02-18 20:00:00,-0.19688195
2025-02-18 21:00:00,-0.038344413
2025-02-18 22:00:00,0.089595705
2025-02-18 23:00:00,0.14696957
2025-02-19 00:00:00,0.08659412
2025-02-19 01:00:00,-0.058031328
2025-02-19 02:00:00,-0.19224992
2025-02-19 03:00:00,-0.31934357
2025-02-19 04:00:00,-0.44669682
2025-02-19 05:00:00,-0.55829734
2025-02-19 06:00:00,-0.6212851
2025-02-19 07:00:00,-0.5475357
2025-02-19 08:00:00,-0.36804307
2025-02-19 09:00:00,-0.1955216
2025-02-19 10:00:00,-0.037966233
2025-02-19 11:00:00,0.07949329
2025-02-19 12:00:00,0.117857166
2025-02-19 13:00:00,0.04912802
2025-02-19 14:00:00,-0.08168358
2025-02-19 15:00:00,-0.20536774
2025-02-19 16:00:00,-0.32016364
2025-02-19 17:00:00,-0.42041436
2025-02-19 18:00:00,-0.48523512
2025-02-19 19:00:00,-0.4319651
2025-02-19 20:00:00,-0.27965543
2025-02-19 21:00:00,-0.14159612
2025-02-19 22:00:00,-0.022626515
2025-02-19 23:00:00,0.057017393
2025-02-20 00:00:00,0.05121101
2025-02-20 01:00:00,-0.06133834
2025-02-20 02:00:00,-0.18941525
2025-02-20 03:00:00,-0.30668306
2025-02-20 04:00:00,-0.42123485
2025-02-20 05:00:00,-0.5288664
2025-02-20 06:00:00,-0.6031229
2025-02-20 07:00:00,-0.5912965
2025-02-20 08:00:00,-0.45428923
2025-02-20 09:00:00,-0.30219847
2025-02-20 10:00:00,-0.15838559
2025-02-20 11:00:00,-0.040109932
2025-02-20 12:00:00,0.03332369
2025-02-20 13:00:00,0.033506185
2025-02-20 14:00:00,-0.048673086
2025-02-20 15:00:00,-0.15983982
2025-02-20 16:00:00,-0.26407114
2025-02-20 17:00:00,-0.35540164
2025-02-20 18:00:00,-0.4296991
2025-02-20 19:00:00,-0.45955518
2025-02-20 20:00:00,-0.38729087
2025-02-20 21:00:00,-0.2713297
2025-02-20 22:00:00,-0.16976804
2025-02-20 23:00:00,-0.090370014
2025-02-21 00:00:00,-0.05378681
2025-02-21 01:00:00,-0.099272266
2025-02-21 02:00:00,-0.20857103
2025-02-21 03:00:00,-0.31303602
2025-02-21 04:00:00,-0.4125132
2025-02-21 05:00:00,-0.50675625
2025-02-21 06:00:00,-0.5788137
2025-02-21 07:00:00,-0.6143074
2025-02-21 08:00:00,-0.5771839
2025-02-21 09:00:00,-0.46121353
2025-02-21 10:00:00,-0.33701104
2025-02-21 11:00:00,-0.21191995
2025-02-21 12:00:00,-0.102394976
